{
  "giza": {
    "coords": [29.9792458, 31.134658]
  },
  "kailash": {
    "coords": [31.066667, 81.3125]
  },
  "shasta": {
    "coords": [41.409167, -122.195]
  },
  "angkor": {
    "coords": [13.41246, 103.86677]
  },
  "stonehenge": {
    "coords": [51.178889, -1.826389]
  },
  "uluru": {
    "coords": [-25.345278, 131.034722]
  },
  "easter": {
    "coords": [-27.119444, -109.354722]
  },
  "nazca": {
    "coords": [-14.716667, -75.133333]
  },
  "sopka": {
    "coords": [56.066667, 160.633333]
  },
  "capitol": {
    "coords": [38.889722, -77.008889]
  },
  "chartres": {
    "coords": [48.447222, 1.487778]
  },
  "sedona": {
    "coords": [34.869722, -111.760278]
  },
  "chichen": {
    "coords": [20.684167, -88.568611]
  },
  "jokang": {
    "coords": [29.653055, 91.131392]
  },
  "skelling": {
    "coords": [51.770833, -10.538611]
  },
  "serpent": {
    "coords": [39.033333, -83.4]
  },
  "stone": {
    "coords": [33.805678, -84.145261]
  },
  "carmel": {
    "coords": [32.6725, 35.023333]
  },
  "gargano": {
    "coords": [41.761478, 15.916443]
  }
}

